{
  "buildVerification": {
    "timestamp": "2024-01-10T10:00:00Z",
    "status": "PASSED",
    "checks": {
      "unicodeCharacters": {
        "status": "FIXED",
        "description": "Todos os acentos e caracteres especiais foram removidos",
        "filesFixed": ["app/orcamentos/page.tsx", "components/clientes/quick-client-modal.tsx"]
      },
      "typescript": {
        "status": "OK",
        "description": "Sintaxe TypeScript válida",
        "issues": []
      },
      "react": {
        "status": "OK",
        "description": "Componentes React válidos",
        "issues": []
      },
      "imports": {
        "status": "OK",
        "description": "Todos os imports existem e são válidos",
        "issues": []
      },
      "jsx": {
        "status": "OK",
        "description": "Sintaxe JSX correta",
        "issues": []
      }
    },
    "recommendations": [
      "Deploy pode prosseguir com segurança",
      "Monitorar logs de build para confirmação",
      "Testar funcionalidade após deploy"
    ]
  }
}
